<?xml version="1.0"?>
<metadata><Esri><CreaDate>20190325</CreaDate><CreaTime>12074800</CreaTime><SyncOnce>TRUE</SyncOnce><DataProperties><itemProps><itemLocation><linkage Sync="TRUE">file://\\V18OVHRTTF760\D$\Public\Data\projects\EnviroAtlas_Public\EDG_Download_STG\National\CONUS_metrics_Mar2019_METADATA\AMAD11</linkage><protocol Sync="TRUE">Local Area Network</protocol></itemLocation></itemProps><copyHistory><copy source="D:\Public\Data\projects\EnviroAtlas_Public\FGDBs4EDG\CONUS\CONUS_metrics_October2017_METADATA\CONUS_metrics_October2017_METADATA\TableMetadata\AMAD11" dest="\\V18OVHRTTF760\D$\Public\Data\projects\EnviroAtlas_Public\EDG_Download_STG\National\CONUS_metrics_Mar2019_METADATA\AMAD11" date="20190325" time="12074800"></copy></copyHistory></DataProperties></Esri><idinfo><keywords><theme><themekt>ISO 19115 Topic Category</themekt><themekey>climatologyMeteorologyAtmosphere</themekey><themekey>environment</themekey></theme><theme><themekt>EPA GIS Keyword Thesaurus</themekt><themekey>Air</themekey><themekey>Ecosystem</themekey><themekey>Environment</themekey><themekey>Exposure</themekey><themekey>Modeling</themekey></theme><place><placekt>None</placekt><placekey>Alabama</placekey><placekey>Arizona</placekey><placekey>Arkansas</placekey><placekey>California</placekey><placekey>Colorado</placekey><placekey>Connecticut</placekey><placekey>Delaware</placekey><placekey>Florida</placekey><placekey>Georgia</placekey><placekey>Idaho</placekey><placekey>Illinois</placekey><placekey>Indiana</placekey><placekey>Iowa</placekey><placekey>Kansas</placekey><placekey>Kentucky</placekey><placekey>Louisiana</placekey><placekey>Maine</placekey><placekey>Maryland</placekey><placekey>Massachusetts</placekey><placekey>Michigan</placekey><placekey>Minnesota</placekey><placekey>Mississippi</placekey><placekey>Missouri</placekey><placekey>Montana</placekey><placekey>Nebraska</placekey><placekey>Nevada</placekey><placekey>New Hampshire</placekey><placekey>New Jersey</placekey><placekey>New Mexico</placekey><placekey>New York</placekey><placekey>North Carolina</placekey><placekey>North Dakota</placekey><placekey>Ohio</placekey><placekey>Oklahoma</placekey><placekey>Oregon</placekey><placekey>Pennsylvania</placekey><placekey>Rhode Island</placekey><placekey>South Carolina</placekey><placekey>South Dakota</placekey><placekey>Tennessee</placekey><placekey>Texas</placekey><placekey>United States</placekey><placekey>Utah</placekey><placekey>Vermont</placekey><placekey>Virginia</placekey><placekey>Washington</placekey><placekey>Washington DC</placekey><placekey>West Virginia</placekey><placekey>Wisconsin</placekey><placekey>Wyoming</placekey></place><theme><themekt>EnviroAtlas</themekt><themekey>12-digit HUCs</themekey><themekey>Air</themekey><themekey>Climate</themekey><themekey>Ecosystem Services</themekey><themekey>EnviroAtlas</themekey><themekey>Environment</themekey><themekey>Environmental Atlas</themekey><themekey>Exposure</themekey><themekey>Modeling</themekey></theme></keywords><citation><citeinfo><origin>US Environmental Protection Agency (US EPA)</origin><title>EnviroAtlas - Atmospheric Nitrogen and Sulfur Deposition by 12-digit HUC for the Conterminous United States (2011)</title><pubinfo><publish>U.S. EPA Office of Research &amp; Development (ORD) - National Exposure Research Laboratory (NERL)</publish><pubplace>Research Triangle Park, NC</pubplace></pubinfo><pubdate>20160429</pubdate><onlink>https://edg.epa.gov/data/PUBLIC/ORD/ENVIROATLAS/National</onlink><onlink>https://enviroatlas.epa.gov/arcgis/rest/services/National/National2016_master/MapServer</onlink><onlink>https://www.epa.gov/enviroatlas/enviroatlas-data</onlink><onlink>https://www.epa.gov/enviroatlas</onlink></citeinfo></citation><timeperd><current>Publication date</current><timeinfo><rngdates><begdate>20110101</begdate><enddate>20111231</enddate></rngdates></timeinfo></timeperd><status><progress>Complete</progress><update>As needed</update></status><spdom><bounding><westbc>-128.02839229</westbc><eastbc>-65.20336449</eastbc><northbc>51.6773602</northbc><southbc>22.7348894</southbc></bounding></spdom><accconst>None</accconst><useconst>None. Please check sources, scale, accuracy, currency and other available information. Please confirm that you are using the most recent copy of both data and metadata.  Acknowledgement of the EPA would be appreciated.</useconst><descript><abstract>This EnviroAtlas dataset includes annual nitrogen and sulfur deposition within each 12-digit HUC subwatershed for the year 2011. Values are provided for total oxidized nitrogen (HNO3, NO, NO2, N2O5, NH3, HONO, PAN, organic nitrogen, and particulate NO3), oxidized nitrogen wet deposition, oxidized nitrogen dry deposition, total reduced nitrogen (NH3 and particulate NH4), reduced nitrogen dry deposition, reduced nitrogen wet deposition, total dry nitrogen deposition, total wet nitrogen deposition, total nitrogen deposition (wet+dry), total sulfur (SO2 + particulate SO4) dry deposition, total sulfur wet deposition, and total sulfur deposition. The dataset is based on output from the Community Multiscale Air Quality modeling system (CMAQ) run using the bidirectional flux option for the 12-km grid size for the US, Canada, and Mexico. The CMAQ output has been post-processed to adjust the wet deposition for errors in the location and amount of precipitation and for regional biases in the TNO3 (HNO3 + NO3), NHx (NH4 + NH3), and sulfate wet deposition. Model predicted values of dry deposition were not adjusted. This dataset was produced by the US EPA to support research and online mapping activities related to EnviroAtlas. EnviroAtlas (https://www.epa.gov/enviroatlas) allows the user to interact with a web-based, easy-to-use, mapping application to view and analyze multiple ecosystem services for the contiguous United States. The dataset is available as downloadable data (https://edg.epa.gov/data/Public/ORD/EnviroAtlas) or as an EnviroAtlas map service. Additional descriptive information about each attribute in this dataset can be found in its associated EnviroAtlas Fact Sheet (https://www.epa.gov/enviroatlas/enviroatlas-fact-sheets).</abstract><purpose>Air quality models are an important tool for translating between nitrogen emissions and ecological exposure. The purpose of this data is to provide the information from the air quality model (CMAQ) on the resultant spatial variation in the exposure due to the complex emissions patterns and their transport and transformation. This dataset can be used as input to watershed models as part of TMDL (Total Maximum Daily Loads) calculations and to biogeochemical models as part of critical loads analyses. The overall goal of EnviroAtlas is to employ and develop the best available science to map indicators of ecosystem services production, demand, and drivers for the nation.</purpose><supplinf>The CMAQ modeling system relies on first principles to the extent possible and the best available science underlies the modeling algorithms.  Still, the chemistry and physics of the atmosphere are very complicated and there are uncertainties in the model representations that result in uncertainties in the predicted concentrations and deposition fluxes. There are also uncertainties in the model inputs including the emissions, meteorology, and land use.  Emissions are the best available as part of the National Emissions Inventory (NEI), yet emission estimates are believed to be an important source of uncertainty.  Uncertainties in precipitation amount and location are minimized by the corrections made in the post-processing of the data. The output from the model was first post-processed to correct for errors in the wet deposition due to precipitation errors using PRISM data, and then a second correction to adjust for bias in the rainwater (or wet) concentrations using NADP data. The data have been summarized based on HUCs but actual atmospheric deposition will vary within the HUC.</supplinf></descript><secinfo><secsys>https://project-open-data.github.io/schema/#accessLevel</secsys><secclass>public</secclass><sechandl>Standard Technical Controls</sechandl></secinfo><ptcontac><cntinfo><cntperp><cntorg>U.S. Environmental Protection Agency, Office of Research and Development-Sustainable and Healthy Communities Research Program, EnviroAtlas</cntorg><cntper>EnviroAtlas Coordinator</cntper></cntperp><cntpos>Geospatial Data Owner</cntpos><cntaddr><addrtype>mailing and physical address</addrtype><address>109 T.W. Alexander Drive</address><city>Research Triangle Park</city><state>NC</state><postal>27709</postal></cntaddr><cntvoice>(919) 541-3832</cntvoice><cntemail>EnviroAtlas@epa.gov</cntemail><cntinst>https://www.epa.gov/enviroatlas</cntinst></cntinfo></ptcontac></idinfo><dataqual><logic>Tests for integrity have not been performed.</logic><complete>Features represented have not been tested for completeness</complete><posacc><horizpa><horizpar>Data were collected using methods that have unknown accuracy (EPA National Geospatial Data Policy [NGDP] Accuracy Tier 10). For more information, please see EPA's NGDP at https://epa.gov/geospatial/policies.html</horizpar></horizpa></posacc><lineage><procstep><procdate>20140114</procdate><procdesc>2011 WRF (Weather Research Forecast model) with 2006 NLCD (National Land Cover Database) runs completed</procdesc></procstep><procstep><procdate>20140117</procdate><procdesc>2011 MCIP (Meteorology-Chemistry Input Processor) runs completed</procdesc></procstep><procstep><procdate>20140321</procdate><procdesc>EPIC year specific fertilizer application amount and timing produced</procdesc></procstep><procstep><procdate>20140501</procdate><procdesc>2011 CMAQ model run completed</procdesc></procstep><procstep><procdate>20140714</procdate><procdesc>Precipitation and bias adjustment post-processing</procdesc></procstep><procstep><procdate>20150827</procdate><procdesc>Gridded data summarized to 12-digit HUCs</procdesc></procstep></lineage></dataqual><spref><horizsys><planar><planci><plance>coordinate pair</plance><plandu>meters</plandu><coordrep><absres>0.000001</absres><ordres>0.000001</ordres></coordrep></planci><mapproj><mapprojn>Albers Conical Equal Area</mapprojn><albers><stdparll>29.500000</stdparll><stdparll>45.500000</stdparll><longcm>-96.000000</longcm><latprjo>23.000000</latprjo><feast>0.000000</feast><fnorth>0.000000</fnorth></albers></mapproj></planar><geodetic><horizdn>North American Datum of 1983</horizdn><ellips>Geodetic Reference System 80</ellips><semiaxis>6378137.000000</semiaxis><denflat>298.257222</denflat></geodetic></horizsys></spref><distinfo><resdesc>Downloadable Data</resdesc><distliab>https://edg.epa.gov/EPA_Data_License.html</distliab><distrib><cntinfo><cntorgp><cntorg>U.S. Environmental Protection Agency, Office of Research and Development-Sustainable and Healthy Communities Research Program, EnviroAtlas</cntorg><cntper>EnviroAtlas Coordinator</cntper></cntorgp><cntpos>Geospatial Data Owner</cntpos><cntaddr><addrtype>mailing and physical address</addrtype><address>109 T.W. Alexander Drive</address><city>Research Triangle Park</city><state>NC</state><postal>27709</postal></cntaddr><cntvoice>(919) 541-3832</cntvoice><cntemail>EnviroAtlas@epa.gov</cntemail><cntinst>https://www.epa.gov/enviroatlas</cntinst></cntinfo></distrib></distinfo><metainfo><metstdn>FGDC Content Standard for Digital Geospatial Metadata</metstdn><metstdv>FGDC-STD-001-1998</metstdv><metd>20170522</metd><metfrd>20210522</metfrd><metc><cntinfo><cntorgp><cntorg>U.S. Environmental Protection Agency, Office of Research and Development-Sustainable and Healthy Communities Research Program, EnviroAtlas</cntorg><cntper>EnviroAtlas Coordinator</cntper></cntorgp><cntpos>Geospatial Data Owner</cntpos><cntaddr><addrtype>mailing and physical address</addrtype><address>109 T.W. Alexander Drive</address><city>Research Triangle Park</city><state>NC</state><postal>27709</postal></cntaddr><cntvoice>(919) 541-3832</cntvoice><cntemail>EnviroAtlas@epa.gov</cntemail><cntinst>https://www.epa.gov/enviroatlas</cntinst></cntinfo></metc></metainfo><eainfo><detailed><enttyp><enttypl>AMAD11</enttypl><enttypd>2011 CMAQ atmospheric deposition by 12-digit HUC</enttypd><enttypds>US EPA</enttypds></enttyp><attr><attrlabl>AWD_OXN_T</attrlabl><attrdef>Bias+Precip Adjusted Wet Deposition of Oxidized N (kg-N/ha)</attrdef><attrdefs>US EPA</attrdefs><attrdomv><rdom><rdommin>0.04</rdommin><rdommax>4.17</rdommax></rdom></attrdomv></attr><attr><attrlabl>AWD_REDN_T</attrlabl><attrdef>Bias+Precip Adjusted Wet Deposition of Reduced N (kg-N/ha)</attrdef><attrdefs>US EPA</attrdefs><attrdomv><rdom><rdommin>0.04</rdommin><rdommax>6.72</rdommax></rdom></attrdomv></attr><attr><attrlabl>AWD_S_T</attrlabl><attrdef>Precip Adjusted Wet Deposition of Total Sulfur (kg-S/ha)</attrdef><attrdefs>US EPA</attrdefs><attrdomv><rdom><rdommin>0.04</rdommin><rdommax>9.22</rdommax></rdom></attrdomv></attr><attr><attrlabl>DD_OXN_T</attrlabl><attrdef>Dry Deposition of Total Oxidized N (kg-N/ha)</attrdef><attrdefs>US EPA</attrdefs><attrdomv><rdom><rdommin>0.24</rdommin><rdommax>14.50</rdommax></rdom></attrdomv></attr><attr><attrlabl>DD_REDN_T</attrlabl><attrdef>Dry Deposition of Total Reduced N (kg-N/ha)</attrdef><attrdefs>US EPA</attrdefs><attrdomv><rdom><rdommin>0.10</rdommin><rdommax>40.03</rdommax></rdom></attrdomv></attr><attr><attrlabl>DD_S_T</attrlabl><attrdef>Dry Deposition of Total Sulfur (kg-S/ha)</attrdef><attrdefs>US EPA</attrdefs><attrdomv><rdom><rdommin>0.07</rdommin><rdommax>25.27</rdommax></rdom></attrdomv></attr><attr><attrlabl>TD_OXN_T</attrlabl><attrdef>Total Deposition of Total Oxidized N (kg-N/ha)</attrdef><attrdefs>US EPA</attrdefs><attrdomv><rdom><rdommin>0.50</rdommin><rdommax>15.20</rdommax></rdom></attrdomv></attr><attr><attrlabl>TD_REDN_T</attrlabl><attrdef>Total Deposition of Total Reduced N (kg-N/ha)</attrdef><attrdefs>US EPA</attrdefs><attrdomv><rdom><rdommin>0.28</rdommin><rdommax>44.63</rdommax></rdom></attrdomv></attr><attr><attrlabl>TD_S_T</attrlabl><attrdef>Total Deposition of Total Sulfur (kg-S/ha)</attrdef><attrdefs>US EPA</attrdefs><attrdomv><rdom><rdommin>0.18</rdommin><rdommax>30.39</rdommax></rdom></attrdomv></attr><attr><attrlabl>TD_N_T</attrlabl><attrdef>Total Deposition of Nitrogen (Oxidized + Reduced) (kg-N/ha)</attrdef><attrdefs>US EPA</attrdefs><attrdomv><rdom><rdommin>0.90</rdommin><rdommax>52.56</rdommax></rdom></attrdomv></attr></detailed><overview><eaover>The Community Multiscale Air Quality (CMAQ) modeling system was run for the CONUS domain using a 12 km grid size and a Lambert Conformal projection assuming a spherical earth with radius 6370.0 km.  The following model options and inputs were used:
* Chemical Transport Model version is CMAQ v5.0.2 with bi-directional NH3 air-surface exchange using Massad formulation, CB05TUCL chemical mechanism, aero6 aerosol module
* CMAQ v5.0.2 lightning NOx adjusted to lightning strike data
* GeosCHEM v 8-03-02 model created boundary conditions with hourly values from 2011 simulation using Geos5 meteorology
* Economic Policy Integrated Climate EPIC chemical fertilizer application schedule that is year specific with chemical specification of form applied.
* New confined animal feeding operations (CAFO) resistance and thermodynamics-based diurnal profile calculation for NH3 emissions
* Biogenic Emissions Landuse Database, version 4 (BELD4) crop distributions in EPIC and CMAQ, and biogenic emissions
* Anthropogenic emissions are from the 2011ed data set
* Weather Research Forecast model, version 3.4 (WRF v3.4) meteorology simulated for 2011 with 2006 NLCD land cover data and using version2 four-dimensional data assimilation with no nudging in the planetary boundary layer and based on blended 3-hourly reanalysis fields (combination of 6-hour (Meteorological Assimilation Data Ingest System) MADIS data and intermediate North American Mesoscale Model (NAM) 3-hour forecast) organized into 12km NAM Data Assimilation System (NDAS) fields up to 50 hPa, 
* WRF v3.4 with Kain-Fritsch Ma and Tan (2009) trigger; with NLCD woody wetlands land use category recognized (wetlands-100); with Pleim-Xiu land-surface model.
* WRF post-processing to create inputs for CMAQ was done with the Meteorology-Chemistry Input Processor (MCIP) v4.1.3.  There are 35 vertical layers from the surface to the top of the free troposphere with layer 1 nominally 19m tall.  
* Model run was performed in May 2014.

The gridded data were then postprocessed using R scripts to produce a comma-separated value (CSV) file.  The wet deposition was adjusted by Parameter-elevation Regressions on Independent Slopes Model (PRISM) precipitation and by a bias adjustment field.  The precipitation adjustment is based on increasing/decreasing the modeled wet deposition based on the bias in the modeled precipitation (bias=PRISM precipitation regridded to 12kmx12km CMAQ grid/modeled precipitation).  The bias field is based on regionally smoothing the bias at National Atmospheric Deposition Program (NADP) sites by averaging the bias across all sites within 500km of a given monitor (bias = observed value/model value). These new averaged bias values at each NADP site are then kriged across space to all of the CMAQ grid cells to produce a smooth spatial map of a regional bias correction field for the CMAQ wet deposition predictions.   The averaging and kriging procedures are done on the log scale and then back-transformed to the original scale.  The dry deposition is added, without adjustment, to the adjusted wet deposition to calculate total deposition.

The CSV files were imported into ArcGIS and the deposition for each 12-digit HUC (Watershed Boundary Dataset, March 2011) was calculated using area weighting.</eaover><eadetcit>https://www.epa.gov/enviroatlas/enviroatlas-fact-sheets</eadetcit></overview></eainfo></metadata>
