<?xml version="1.0"?>
<metadata><Esri><CreaDate>20190325</CreaDate><CreaTime>12074800</CreaTime><SyncOnce>TRUE</SyncOnce><DataProperties><itemProps><itemLocation><linkage Sync="TRUE">file://\\V18OVHRTTF760\D$\Public\Data\projects\EnviroAtlas_Public\EDG_Download_STG\National\CONUS_metrics_Mar2019_METADATA\manure06</linkage><protocol Sync="TRUE">Local Area Network</protocol></itemLocation></itemProps><copyHistory><copy source="D:\Public\Data\projects\EnviroAtlas_Public\FGDBs4EDG\CONUS\CONUS_metrics_October2017_METADATA\CONUS_metrics_October2017_METADATA\TableMetadata\manure06" dest="\\V18OVHRTTF760\D$\Public\Data\projects\EnviroAtlas_Public\EDG_Download_STG\National\CONUS_metrics_Mar2019_METADATA\manure06" date="20190325" time="12074800"></copy></copyHistory></DataProperties></Esri><idinfo><keywords><theme><themekt>ISO 19115 Topic Category</themekt><themekey>environment</themekey><themekey>farming</themekey><themekey>inlandWaters</themekey></theme><theme><themekt>EPA GIS Keyword Thesaurus</themekt><themekey>Agriculture</themekey><themekey>Drinking Water</themekey><themekey>Ecosystem</themekey><themekey>Environment</themekey><themekey>Human</themekey><themekey>Modeling</themekey></theme><theme><themekt>EnviroAtlas</themekt><themekey>12-digit HUCs</themekey><themekey>Agriculture</themekey><themekey>Drinking Water</themekey><themekey>Ecosystem Services</themekey><themekey>EnviroAtlas</themekey><themekey>Environment</themekey><themekey>Environmental Atlas</themekey><themekey>Human</themekey><themekey>Modeling</themekey><themekey>Water</themekey></theme><place><placekt>None</placekt><placekey>Alabama</placekey><placekey>Arizona</placekey><placekey>Arkansas</placekey><placekey>California</placekey><placekey>Colorado</placekey><placekey>Connecticut</placekey><placekey>Delaware</placekey><placekey>Florida</placekey><placekey>Georgia</placekey><placekey>Idaho</placekey><placekey>Illinois</placekey><placekey>Indiana</placekey><placekey>Iowa</placekey><placekey>Kansas</placekey><placekey>Kentucky</placekey><placekey>Louisiana</placekey><placekey>Maine</placekey><placekey>Maryland</placekey><placekey>Massachusetts</placekey><placekey>Michigan</placekey><placekey>Minnesota</placekey><placekey>Mississippi</placekey><placekey>Missouri</placekey><placekey>Montana</placekey><placekey>Nebraska</placekey><placekey>Nevada</placekey><placekey>New Hampshire</placekey><placekey>New Jersey</placekey><placekey>New Mexico</placekey><placekey>New York</placekey><placekey>North Carolina</placekey><placekey>North Dakota</placekey><placekey>Ohio</placekey><placekey>Oklahoma</placekey><placekey>Oregon</placekey><placekey>Pennsylvania</placekey><placekey>Rhode Island</placekey><placekey>South Carolina</placekey><placekey>South Dakota</placekey><placekey>Tennessee</placekey><placekey>Texas</placekey><placekey>United States</placekey><placekey>Utah</placekey><placekey>Vermont</placekey><placekey>Virginia</placekey><placekey>Washington</placekey><placekey>Washington DC</placekey><placekey>West Virginia</placekey><placekey>Wisconsin</placekey><placekey>Wyoming</placekey></place></keywords><citation><citeinfo><origin>US Environmental Protection Agency (US EPA)</origin><title>EnviroAtlas - Manure application to agricultural lands from confined animal feeding operations by 12-digit HUC for the Conterminous United States, 2006</title><pubinfo><publish>U.S. EPA Office of Research &amp; Development (ORD) - National Exposure Research Laboratory (NERL)</publish><pubplace>Research Triangle Park, NC</pubplace></pubinfo><pubdate>20150507</pubdate><onlink>https://edg.epa.gov/data/PUBLIC/ORD/ENVIROATLAS/National</onlink><onlink>https://enviroatlas.epa.gov/arcgis/rest/services/National/National2016_master/MapServer</onlink><onlink>https://www.epa.gov/enviroatlas/enviroatlas-data</onlink><onlink>https://www.epa.gov/enviroatlas</onlink></citeinfo></citation><timeperd><current>Ground condition</current><timeinfo><sngdate><caldate>2006</caldate></sngdate></timeinfo></timeperd><status><progress>Complete</progress><update>As needed</update></status><spdom><bounding><westbc>-128.02839229</westbc><eastbc>-65.20336449</eastbc><northbc>51.6773602</northbc><southbc>22.7348894</southbc></bounding></spdom><accconst>None</accconst><useconst>None. Please check sources, scale, accuracy, currency and other available information. Please confirm that you are using the most recent copy of both data and metadata.  Acknowledgement of the EPA would be appreciated.</useconst><descript><abstract>This EnviroAtlas dataset contains data on the mean livestock manure application to cultivated crop and hay/pasture lands by 12-digit Hydrologic Unit (HUC) in 2006. Livestock manure inputs to cultivated crop and hay/pasture lands were estimated using county-level estimates of recoverable animal manure from confined feeding operations compiled for 2007. Recoverable manure is defined as manure that is collected, stored, and available for land application from confined feeding operations. County-scale data on livestock populations -- needed to calculate manure inputs -- were only available for the year 2007 from the USDA Census of Agriculture (http://www.agcensus.usda.gov/index.php). We acquired county-level data describing total farm-level inputs (kg N/yr) of recoverable manure to individual counties in 2007 from the International Plant Nutrition Institute (IPNI) Nutrient Geographic Information System (NuGIS; http://www.ipni.net/nugis). These data were converted to per area rates (kg N/ha/yr) of manure N inputs by dividing the total N input by the land area (ha) of combined cultivated crop and hay/pasture (agricultural) lands within a county as determined from county-level summarization of the 2006 NLCD. We distributed county-specific, per area N inputs rates to cultivated crop and hay/pasture lands (30 x 30 m pixels) within the corresponding county. Manure data described here represent an average input to a typical agricultural land type within a county, i.e., they are not specific to individual crop types. This dataset was produced by the US EPA to support research and online mapping activities related to EnviroAtlas. EnviroAtlas (https://www.epa.gov/enviroatlas) allows the user to interact with a web-based, easy-to-use, mapping application to view and analyze multiple ecosystem services for the contiguous United States. The dataset is available as downloadable data (https://edg.epa.gov/data/Public/ORD/EnviroAtlas) or as an EnviroAtlas map service. Additional descriptive information about each attribute in this dataset can be found in its associated EnviroAtlas Fact Sheet (https://www.epa.gov/enviroatlas/enviroatlas-fact-sheets).</abstract><purpose>The purpose of this data set is to provide information that can be used to estimate landscape-level loading of livestock manure from confined animal feeding operations to watersheds, to municipal, agricultural, and water resources management units, and to other management- or ecosystem-relevant spatial units. Livestock manure can be a regionally important source of reactive N to United States ecosystems and can have both positive (recycling of waste material for enhanced crop production) and negative (e.g., eutrophication of aquatic systems) impacts. These data can be used to examine correlations with air and water quality characteristics or be fed into terrestrial and aquatic biogeochemical models. The overall goal of EnviroAtlas is to employ and develop the best available science to map indicators of ecosystem services production, demand, and drivers for the nation.</purpose></descript><secinfo><secsys>https://project-open-data.github.io/schema/#accessLevel</secsys><secclass>public</secclass><sechandl>Standard Technical Controls</sechandl></secinfo><ptcontac><cntinfo><cntperp><cntorg>U.S. Environmental Protection Agency, Office of Research and Development-Sustainable and Healthy Communities Research Program, EnviroAtlas</cntorg><cntper>EnviroAtlas Coordinator</cntper></cntperp><cntpos>Geospatial Data Owner</cntpos><cntaddr><addrtype>mailing and physical address</addrtype><address>109 T.W. Alexander Drive</address><city>Research Triangle Park</city><state>NC</state><postal>27709</postal></cntaddr><cntvoice>(919) 541-3832</cntvoice><cntemail>EnviroAtlas@epa.gov</cntemail><cntinst>https://www.epa.gov/enviroatlas</cntinst></cntinfo></ptcontac></idinfo><dataqual><logic>Tests for integrity have not been performed.</logic><complete>Features represented have not been tested for completeness</complete><posacc><horizpa><horizpar>Data were collected using methods that have unknown accuracy (EPA National Geospatial Data Policy [NGDP] Accuracy Tier 10). For more information, please see EPA's NGDP at https://epa.gov/geospatial/policies.html</horizpar></horizpa></posacc><lineage><procstep><procdate>2013</procdate><procdesc>Distributed county-scale manure N inputs to cultivated crop and hay/pasture lands delineated by the 2006 National Land Cover Database.</procdesc></procstep><procstep><procdate>03092015</procdate><procdesc>Converted the NHDPlus V2 WBD Snapshot, EnviroAtlas version - Conterminous United States to a 30m raster snapped to the 2011 NLCD.</procdesc></procstep><procstep><procdate>03092015</procdate><procdesc>Used ArcMap zonal statistics as table to find the mean value for each 12-digit HUC.</procdesc></procstep></lineage></dataqual><spref><horizsys><planar><planci><plance>coordinate pair</plance><plandu>meters</plandu><coordrep><absres>0.000001</absres><ordres>0.000001</ordres></coordrep></planci><mapproj><mapprojn>Albers Conical Equal Area</mapprojn><albers><stdparll>29.500000</stdparll><stdparll>45.500000</stdparll><longcm>-96.000000</longcm><latprjo>23.000000</latprjo><feast>0.000000</feast><fnorth>0.000000</fnorth></albers></mapproj></planar><geodetic><horizdn>North American Datum of 1983</horizdn><ellips>Geodetic Reference System 80</ellips><semiaxis>6378137.000000</semiaxis><denflat>298.257222</denflat></geodetic></horizsys></spref><distinfo><resdesc>Downloadable Data</resdesc><distliab>https://edg.epa.gov/EPA_Data_License.html</distliab><distrib><cntinfo><cntorgp><cntorg>U.S. Environmental Protection Agency, Office of Research and Development-Sustainable and Healthy Communities Research Program, EnviroAtlas</cntorg><cntper>EnviroAtlas Coordinator</cntper></cntorgp><cntpos>Geospatial Data Owner</cntpos><cntaddr><addrtype>mailing and physical address</addrtype><address>109 T.W. Alexander Drive</address><city>Research Triangle Park</city><state>NC</state><postal>27709</postal></cntaddr><cntvoice>(919) 541-3832</cntvoice><cntemail>EnviroAtlas@epa.gov</cntemail><cntinst>https://www.epa.gov/enviroatlas</cntinst></cntinfo></distrib></distinfo><metainfo><metstdn>FGDC Content Standard for Digital Geospatial Metadata</metstdn><metstdv>FGDC-STD-001-1998</metstdv><metd>20170522</metd><metfrd>20210522</metfrd><metc><cntinfo><cntorgp><cntorg>U.S. Environmental Protection Agency, Office of Research and Development-Sustainable and Healthy Communities Research Program, EnviroAtlas</cntorg><cntper>EnviroAtlas Coordinator</cntper></cntorgp><cntpos>Geospatial Data Owner</cntpos><cntaddr><addrtype>mailing and physical address</addrtype><address>109 T.W. Alexander Drive</address><city>Research Triangle Park</city><state>NC</state><postal>27709</postal></cntaddr><cntvoice>(919) 541-3832</cntvoice><cntemail>EnviroAtlas@epa.gov</cntemail><cntinst>https://www.epa.gov/enviroatlas</cntinst></cntinfo></metc></metainfo><eainfo><detailed><enttyp><enttypl>manure06</enttypl><enttypd>Mean rates of manure application to agricultural lands from confined animal feeding operations in kg N/ha/yr by 12-digit HUC, 2006</enttypd><enttypds>US EPA</enttypds></enttyp><attr><attrlabl>ManureMean</attrlabl><attrdef>Mean rates of manure application to agricultural lands from confined animal feeding operations in kg N/ha/yr</attrdef><attrdefs>US EPA</attrdefs><attrdomv><rdom><rdommin>0</rdommin><rdommax>226.5582</rdommax></rdom></attrdomv></attr><attr><attrlabl>HUC_12</attrlabl><attrdef>Twelve Digit Hydrologic Unit Code. This field provides a unique 12-digit code for each subwatershed. Numbers were assigned in an upstream to downstream fashion. Where no downstream/upstream relationship could be determined, numbers were assigned in a clockwise fashion.</attrdef><attrdefs>Federal Guidelines, Requirements, and Procedures for the National Watershed Boundary Dataset; Chapter 3 of Section A; Federal Standards, Book 11, Collection and Delineation of Spatial Data; Techniques and Methods 11-A3.</attrdefs><attrdomv><rdom><rdommin>010000000000</rdommin><rdommax>999999999999</rdommax></rdom></attrdomv></attr></detailed><overview><eadetcit>https://www.epa.gov/enviroatlas/enviroatlas-fact-sheets</eadetcit><eaover>These data describe average per area input of livestock manure to agricultural lands. These data are based on county-scale estimates of manure application distributed to cultivated crop and pasture/hay lands (from the 2006 National Land Cover Database) within an individual county. Sobota, D.J., J.E. Compton, and J.A. Harrison. 2013. Reactive nitrogen inputs to US lands and waterways: How certain are we about sources and fluxes? Frontiers in Ecology and the Environment 11:82-90.

Livestock manure inputs to agricultural lands in 2006 were estimated using county-level
estimates of recoverable animal manure from confined feeding operations compiled for 2007.
Recoverable manure is defined as manure that is collected, stored, and available for land
application from confined feeding operations (Kellogg et al. 2000). County-scale data on
livestock populations -- needed to calculate manure inputs -- were only available for the year 2007
from the USDA Census of Agriculture (http://www.agcensus.usda.gov/index.php). We acquired
county-level data describing total farm-level inputs (kg N yr^-1) of recoverable manure to
individual counties in 2007 from the International Plant Nutrition Institute (IPNI) Nutrient
Geographic Information System (NuGIS; http://www.ipni.net/nugis). These data were
converted to per area rates (kg N ha yr^-1) of manure N inputs by dividing the total N input by
the land area (ha) of combined cultivated crop and hay/pasture (agricultural) lands within a
county as determined from county-level summarization of the 2006 NLCD. We distributed
county-specific, per area N inputs rates to agricultural lands (30 x 30 m pixels) within the
corresponding county (Ruddy et al. 2006).</eaover></overview></eainfo></metadata>
