<?xml version="1.0"?>
<metadata><Esri><CreaDate>20190325</CreaDate><CreaTime>12074800</CreaTime><SyncOnce>TRUE</SyncOnce><DataProperties><itemProps><itemLocation><linkage Sync="TRUE">file://\\V18OVHRTTF760\D$\Public\Data\projects\EnviroAtlas_Public\EDG_Download_STG\National\CONUS_metrics_Mar2019_METADATA\PctPRWAg</linkage><protocol Sync="TRUE">Local Area Network</protocol></itemLocation></itemProps><copyHistory><copy source="D:\Public\Data\projects\EnviroAtlas_Public\FGDBs4EDG\CONUS\CONUS_metrics_October2017_METADATA\CONUS_metrics_October2017_METADATA\TableMetadata\PctPRWAg" dest="\\V18OVHRTTF760\D$\Public\Data\projects\EnviroAtlas_Public\EDG_Download_STG\National\CONUS_metrics_Mar2019_METADATA\PctPRWAg" date="20190325" time="12074800"></copy></copyHistory></DataProperties></Esri><idinfo><keywords><theme><themekt>ISO 19115 Topic Category</themekt><themekey>environment</themekey></theme><theme><themekt>EPA GIS Keyword Thesaurus</themekt><themekey>Ecosystem</themekey><themekey>Environment</themekey></theme><place><placekt>None</placekt><placekey>Alabama</placekey><placekey>Arizona</placekey><placekey>Arkansas</placekey><placekey>California</placekey><placekey>Colorado</placekey><placekey>Connecticut</placekey><placekey>Delaware</placekey><placekey>Florida</placekey><placekey>Georgia</placekey><placekey>Idaho</placekey><placekey>Illinois</placekey><placekey>Indiana</placekey><placekey>Iowa</placekey><placekey>Kansas</placekey><placekey>Kentucky</placekey><placekey>Louisiana</placekey><placekey>Maine</placekey><placekey>Maryland</placekey><placekey>Massachusetts</placekey><placekey>Michigan</placekey><placekey>Minnesota</placekey><placekey>Mississippi</placekey><placekey>Missouri</placekey><placekey>Montana</placekey><placekey>Nebraska</placekey><placekey>Nevada</placekey><placekey>New Hampshire</placekey><placekey>New Jersey</placekey><placekey>New Mexico</placekey><placekey>New York</placekey><placekey>North Carolina</placekey><placekey>North Dakota</placekey><placekey>Ohio</placekey><placekey>Oklahoma</placekey><placekey>Oregon</placekey><placekey>Pennsylvania</placekey><placekey>Rhode Island</placekey><placekey>South Carolina</placekey><placekey>South Dakota</placekey><placekey>Tennessee</placekey><placekey>Texas</placekey><placekey>United States</placekey><placekey>Utah</placekey><placekey>Vermont</placekey><placekey>Virginia</placekey><placekey>Washington</placekey><placekey>Washington DC</placekey><placekey>West Virginia</placekey><placekey>Wisconsin</placekey><placekey>Wyoming</placekey></place><theme><themekt>EnviroAtlas</themekt><themekey>12-digit HUCs</themekey><themekey>Ecosystem Services</themekey><themekey>EnviroAtlas</themekey><themekey>Environment</themekey><themekey>Environmental Atlas</themekey><themekey>Potential for Change - Ecosystem Services</themekey><themekey>Wetlands</themekey></theme><theme><themekt>User</themekt><themekey>12-digit HUCs</themekey><themekey>Ecosystem Services</themekey><themekey>EnviroAtlas</themekey><themekey>Environment</themekey><themekey>Environmental Atlas</themekey><themekey>Potential for Change - Ecosystem Services</themekey><themekey>Wetlands</themekey></theme></keywords><citation><citeinfo><origin>US Environmental Protection Agency (US EPA)</origin><title>EnviroAtlas - Percent Land Cover with Potentially Restorable Wetlands on Agricultural Land per 12-Digit HUC - Contiguous United States</title><pubinfo><publish>U.S. EPA Office of Research &amp; Development (ORD) - National Exposure Research Laboratory (NERL)</publish><pubplace>Research Triangle Park, NC</pubplace></pubinfo><pubdate>20160520</pubdate><onlink>https://edg.epa.gov/data/PUBLIC/ORD/ENVIROATLAS/National</onlink><onlink>https://enviroatlas.epa.gov/arcgis/rest/services/National/National2016_master/MapServer</onlink><onlink>https://www.epa.gov/enviroatlas/enviroatlas-data</onlink><onlink>https://www.epa.gov/enviroatlas</onlink></citeinfo></citation><timeperd><current>Publication date</current><timeinfo><sngdate><caldate>20150202 (HUCs(EPA,EnviroAtlas NHDPlus V2 WBD Snapshot)), 20141010 (2011v2 NLCD (MRLC)), 20160308 (Potentially Restorable Wetlands on Agricultural Land (EPA,EnviroAtlas)).</caldate></sngdate></timeinfo></timeperd><status><progress>Complete</progress><update>As needed</update></status><spdom><bounding><westbc>-128.02839229</westbc><eastbc>-65.20336449</eastbc><northbc>51.6773602</northbc><southbc>22.7348894</southbc></bounding></spdom><accconst>None.</accconst><useconst>None. Please check sources, scale, accuracy, currency and other available information. Please confirm that you are using the most recent copy of both data and metadata.  Acknowledgement of the EPA would be appreciated.</useconst><descript><abstract>This EnviroAtlas dataset shows the percent land cover with potentially restorable wetlands on agricultural land for each 12-digit Hydrologic Unit (HUC) watershed in the contiguous U.S. Beginning two centuries ago, many wetlands were turned into farm fields or urban areas, yet wetlands play an important role in removing water pollution, regulating water storage and flows, and providing habitat for wildlife. Wetland restoration could help restore these benefits. Potentially restorable wetlands, as developed for this map, are lands currently in agriculture that naturally accumulate water due to topography and have historically had poorly or very poorly draining soils. 

            This dataset was produced by the US EPA to support research and online mapping activities related to the EnviroAtlas. EnviroAtlas (https://www.epa.gov/enviroatlas) allows the user to interact with a web-based, easy-to-use, mapping application to view and analyze multiple ecosystem services for the contiguous United States. The dataset is available as downloadable data (https://edg.epa.gov/data/Public/ORD/EnviroAtlas) or as an EnviroAtlas map service. Additional descriptive information about each attribute in this dataset can be found in its associated EnviroAtlas Fact Sheet (https://www.epa.gov/enviroatlas/enviroatlas-fact-sheets).</abstract><purpose>These results, in conjunction with further data and verification, could help planners identify, prioritize and implement locally relevant efforts. The overall goal of the EnviroAtlas is to employ and develop the best available science to map indicators of ecosystem services production, demand, and drivers for the nation.</purpose></descript><secinfo><secsys>https://project-open-data.github.io/schema/#accessLevel</secsys><secclass>public</secclass><sechandl>Standard Technical Controls</sechandl></secinfo><ptcontac><cntinfo><cntperp><cntorg>U.S. Environmental Protection Agency, Office of Research and Development-Sustainable and Healthy Communities Research Program, EnviroAtlas</cntorg><cntper>EnviroAtlas Coordinator</cntper></cntperp><cntpos>Geospatial Data Owner</cntpos><cntaddr><addrtype>mailing and physical address</addrtype><address>109 T.W. Alexander Drive</address><city>Research Triangle Park</city><state>NC</state><postal>27709</postal></cntaddr><cntvoice>(919) 541-3832</cntvoice><cntemail>EnviroAtlas@epa.gov</cntemail><cntinst>https://www.epa.gov/enviroatlas</cntinst></cntinfo></ptcontac></idinfo><dataqual><logic>Tests for integrity have not been performed.</logic><complete>Features represented have not been tested for completeness</complete><posacc><horizpa><horizpar>Data were collected using methods that have unknown accuracy (EPA National Geospatial Data Policy [NGDP] Accuracy Tier 10). For more information, please see EPA's NGDP at https://epa.gov/geospatial/policies.html</horizpar></horizpa></posacc><lineage><procstep><procdate>20160308</procdate><procdesc>1. ArcGIS 10.2.1 was used for processing.</procdesc></procstep><procstep><procdate>20160308</procdate><procdesc>2. Prepared the watershed layer - The watershed layer (12-digit HUCs) was converted from polygons to 30-meter grid cells (raster) and aligned (snapped) to the National Land Cover Dataset (NLCD).</procdesc></procstep><procstep><procdate>20160308</procdate><procdesc>3. Calculated the total land cover - Categorized (reclassed) all NLCD classes, except Open Water (11), into a single land cover class (1). Open Water was excluded to be consistent with other EnviroAtlas HUC percentages calculated with the Analytical Tools Interface for Landscape Assessments tool (ATtILA, www.epa.gov/enviroatlas/attila-toolbox). Used Zonal Statistics as Table to summarize the total land cover cells per 12-digit HUC.</procdesc></procstep><procstep><procdate>20160308</procdate><procdesc>4. Calculated the potentially restorable wetlands land cover - The Potentially Restorable Wetlands on Agricultural Land raster dataset contains three classes of potential restoration (and one class that does not indicate potential for restoration with the specified criteria). For the purposes of this dataset, these three classes that indicated wetland restoration potential were reclassed into one class, potentially restorable wetlands (1). Used Zonal Statistics as Table to summarize the total potentially restorable wetland land cover per 12-digit HUC.</procdesc></procstep><procstep><procdate>20160308</procdate><procdesc>5. Calculated the percent land cover with potentially restorable wetlands - Joined the Zonal Statistics results (Sum) for land cover and potentially restorable wetlands to the 12-digit HUC polygon layer. Exported the joined tables. Added a new field (PctPRWAg) and calculated the percent potentially restorable wetlands per total land cover per 12-digit HUC. Deleted unnecessary intermediate fields. 49 coastal HUCs were Null, indicating an absence of data related to boundary extents in one or more underlying layers.</procdesc></procstep></lineage></dataqual><spref><horizsys><planar><planci><plance>coordinate pair</plance><plandu>meters</plandu><coordrep><absres>0.000001</absres><ordres>0.000001</ordres></coordrep></planci><mapproj><mapprojn>Albers Conical Equal Area</mapprojn><albers><stdparll>29.500000</stdparll><stdparll>45.500000</stdparll><longcm>-96.000000</longcm><latprjo>23.000000</latprjo><feast>0.000000</feast><fnorth>0.000000</fnorth></albers></mapproj></planar><geodetic><horizdn>North American Datum of 1983</horizdn><ellips>Geodetic Reference System 80</ellips><semiaxis>6378137.000000</semiaxis><denflat>298.257222</denflat></geodetic></horizsys></spref><eainfo><detailed><enttyp><enttypl>PctPRWAg</enttypl><enttypd>Percent land cover with potentially restorable wetlands on agricultural land per 12-digit HUC</enttypd><enttypds>US EPA</enttypds></enttyp><attr><attrlabl>HUC_12</attrlabl><attrdef>12-Digit Hydrologic Unit Code. This field provides a unique 12-digit code for each watershed. Numbers were assigned in an upstream to downstream fashion. Where no downstream/upstream relationship could be determined, numbers were assigned in a clockwise fashion.</attrdef><attrdefs>Federal Guidelines, Requirements, and Procedures for the National Watershed Boundary Dataset; Chapter 3 of Section A; Federal Standards, Book 11, Collection and Delineation of Spatial Data; Techniques and Methods 11-A3.</attrdefs><attrdomv><rdom><rdommin>010000000000</rdommin><rdommax>999999999999</rdommax></rdom></attrdomv></attr><attr><attrlabl>PctPRWAg</attrlabl><attrdef>Percent land cover with potentially restorable wetlands on agricultural land per 12-digit HUC. Null, indicates an absence of data related to boundary extents in one or more underlying layers.</attrdef><attrdefs>US EPA</attrdefs><attrdomv><rdom><rdommin>0</rdommin><rdommax>100</rdommax></rdom></attrdomv></attr></detailed><overview><eaover>In general, three datasets were used to evaluate the percent of land cover with potentially restorable wetlands in agriculture - 1) A watershed layer; 2) A land cover layer; and 3) A potentially restorable wetlands in agriculture raster layer. For the purpose of this metric, subclasses of land cover (e.g. ranging from barren to high intensity development) and wetland restoration potential (low, moderate, and high) were summarized into two general classes - land cover and potentially restorable wetlands. The land cover and potentially restorable wetland area were then summarized per watershed. These tables were then combined and the percentage of potentially restorable wetlands in agriculture per total land cover per 12-digit HUC watershed was calculated.</eaover><eadetcit>https://enviroatlas.epa.gov/EnviroAtlas/DataFactSheets/index.html</eadetcit></overview></eainfo><distinfo><resdesc>Downloadable Data</resdesc><distliab>https://edg.epa.gov/EPA_Data_License.html</distliab><distrib><cntinfo><cntorgp><cntorg>U.S. Environmental Protection Agency, Office of Research and Development-Sustainable and Healthy Communities Research Program, EnviroAtlas</cntorg><cntper>EnviroAtlas Coordinator</cntper></cntorgp><cntpos>Geospatial Data Owner</cntpos><cntaddr><addrtype>mailing and physical address</addrtype><address>109 T.W. Alexander Drive</address><city>Research Triangle Park</city><state>NC</state><postal>27709</postal></cntaddr><cntvoice>(919) 541-3832</cntvoice><cntemail>EnviroAtlas@epa.gov</cntemail><cntinst>https://www.epa.gov/enviroatlas</cntinst></cntinfo></distrib></distinfo><metainfo><metstdn>FGDC Content Standard for Digital Geospatial Metadata</metstdn><metstdv>FGDC-STD-001-1998</metstdv><metd>20170522</metd><metfrd>20210522</metfrd><metc><cntinfo><cntorgp><cntorg>U.S. Environmental Protection Agency, Office of Research and Development-Sustainable and Healthy Communities Research Program, EnviroAtlas</cntorg><cntper>EnviroAtlas Coordinator</cntper></cntorgp><cntpos>Geospatial Data Owner</cntpos><cntaddr><addrtype>mailing and physical address</addrtype><address>109 T.W. Alexander Drive</address><city>Research Triangle Park</city><state>NC</state><postal>27709</postal></cntaddr><cntvoice>(919) 541-3832</cntvoice><cntemail>EnviroAtlas@epa.gov</cntemail><cntinst>https://www.epa.gov/enviroatlas</cntinst></cntinfo></metc></metainfo></metadata>
