<?xml version="1.0" encoding="UTF-8"?>
<metadata xml:lang="en"><Esri><CreaDate>20190325</CreaDate><CreaTime>12074800</CreaTime><SyncOnce>TRUE</SyncOnce><DataProperties><itemProps><itemLocation><linkage Sync="TRUE">file://\\V18OVHRTTF760\D$\Public\Data\projects\EnviroAtlas_Public\EDG_Download_STG\National\CONUS_metrics_Mar2019_METADATA\Reptile_National_Metrics</linkage><protocol Sync="TRUE">Local Area Network</protocol></itemLocation></itemProps><copyHistory><copy source="D:\Public\Data\projects\EnviroAtlas_Public\FGDBs4EDG\CONUS\CONUS_metrics_October2017_METADATA\CONUS_metrics_October2017_METADATA\TableMetadata\Reptile_National_Metrics" dest="\\V18OVHRTTF760\D$\Public\Data\projects\EnviroAtlas_Public\EDG_Download_STG\National\CONUS_metrics_Mar2019_METADATA\Reptile_National_Metrics" date="20190325" time="12074800"></copy></copyHistory></DataProperties></Esri><idinfo><keywords><theme><themekt>ISO 19115 Topic Category</themekt><themekey>environment</themekey></theme><theme><themekt>EPA GIS Keyword Thesaurus</themekt><themekey>Ecosystem</themekey><themekey>Environment</themekey></theme><place><placekt>None</placekt><placekey>Alabama</placekey><placekey>Arizona</placekey><placekey>Arkansas</placekey><placekey>California</placekey><placekey>Colorado</placekey><placekey>Connecticut</placekey><placekey>Delaware</placekey><placekey>Florida</placekey><placekey>Georgia</placekey><placekey>Idaho</placekey><placekey>Illinois</placekey><placekey>Indiana</placekey><placekey>Iowa</placekey><placekey>Kansas</placekey><placekey>Kentucky</placekey><placekey>Louisiana</placekey><placekey>Maine</placekey><placekey>Maryland</placekey><placekey>Massachusetts</placekey><placekey>Michigan</placekey><placekey>Minnesota</placekey><placekey>Mississippi</placekey><placekey>Missouri</placekey><placekey>Montana</placekey><placekey>Nebraska</placekey><placekey>Nevada</placekey><placekey>New Hampshire</placekey><placekey>New Jersey</placekey><placekey>New Mexico</placekey><placekey>New York</placekey><placekey>North Carolina</placekey><placekey>North Dakota</placekey><placekey>Ohio</placekey><placekey>Oklahoma</placekey><placekey>Oregon</placekey><placekey>Pennsylvania</placekey><placekey>Rhode Island</placekey><placekey>South Carolina</placekey><placekey>South Dakota</placekey><placekey>Tennessee</placekey><placekey>Texas</placekey><placekey>United States</placekey><placekey>Utah</placekey><placekey>Vermont</placekey><placekey>Virginia</placekey><placekey>Washington</placekey><placekey>Washington DC</placekey><placekey>West Virginia</placekey><placekey>Wisconsin</placekey><placekey>Wyoming</placekey></place><theme><themekt>User</themekt><themekey>12-digit HUCs</themekey><themekey>Biodiversity</themekey><themekey>Conservation</themekey><themekey>Ecology</themekey><themekey>Ecosystem</themekey><themekey>Ecosystem Services</themekey><themekey>EnviroAtlas</themekey><themekey>Environment</themekey><themekey>Environmental Atlas</themekey><themekey>Habitat</themekey><themekey>Modeling</themekey></theme></keywords><citation><citeinfo><origin>Center for Applied Spatial Ecology, NMCFWRU, NMSU</origin><title>EnviroAtlas - Reptile Biodiversity Ecosystem Services Metrics by 12-digit HUC for the Conterminous United States</title><pubinfo><publish>U.S. EPA Office of Research &amp; Development (ORD) - National Exposure Research Laboratory (NERL)</publish><pubplace>Research Triangle Park, NC</pubplace></pubinfo><pubdate>20160518</pubdate><onlink>https://edg.epa.gov/data/PUBLIC/ORD/ENVIROATLAS/National</onlink><onlink>https://enviroatlas.epa.gov/arcgis/rest/services/National/National2016_master/MapServer</onlink><onlink>https://www.epa.gov/enviroatlas/enviroatlas-data</onlink><onlink>https://www.epa.gov/enviroatlas</onlink></citeinfo></citation><timeperd><current>Publication date</current><timeinfo><sngdate><caldate>201501</caldate></sngdate></timeinfo></timeperd><status><progress>Complete</progress><update>As needed</update></status><spdom><bounding><westbc>-128.02839229</westbc><eastbc>-65.20336449</eastbc><northbc>51.6773602</northbc><southbc>22.7348894</southbc></bounding></spdom><accconst>None</accconst><useconst>None. Please check sources, scale, accuracy, currency and other available information. Please confirm that you are using the most recent copy of both data and metadata.  Acknowledgement of the EPA would be appreciated.</useconst><descript><abstract>This EnviroAtlas dataset contains biodiversity metrics reflecting ecosystem services or other aspects of biodiversity for reptile species, based on the number of reptile species as measured by predicted habitat present within a pixel. These metrics were created from grouping national level single species habitat models created by the USGS Gap Analysis Program into smaller ecologically based, phylogeny based, or stakeholder suggested composites. 

The dataset includes reptile species richness metrics for all reptile species, lizards, snakes, turtles, poisonous reptiles, Natureserve-listed G1,G2, and G3 reptile species, and reptile species listed by IUCN (International Union for Conservation of Nature), PARC (Partners in Amphibian and Reptile Conservation) and SWPARC (Southwest Partners in Amphibian and Reptile Conservation). 

This dataset was produced by a joint effort of New Mexico State University, US EPA, and USGS to support research and online mapping activities related to EnviroAtlas. EnviroAtlas (https://www.epa.gov/enviroatlas) allows the user to interact with a web-based, easy-to-use, mapping application to view and analyze multiple ecosystem services for the contiguous United States. The dataset is available as downloadable data (https://edg.epa.gov/data/Public/ORD/EnviroAtlas) or as an EnviroAtlas map service. Additional descriptive information about each attribute in this dataset can be found in its associated EnviroAtlas Fact Sheet (https://www.epa.gov/enviroatlas/enviroatlas-fact-sheets).</abstract><purpose>This data could be used in conjunction with other biodiversity data or ecosystem service data to identify concordance and discordance between metrics. Areas of concordance highlight the similarity between the two metrics. Areas of discordance highlight dissimilar areas, but must then be reviewed to understand why the dissimilarity occurs.

Reptile Species Richness can be indicative of recreational opportunities or aesthetic qualities. Ecosystem services, i.e., services provided to humans from ecological systems have become a key issue of this century in resource management, conservation planning, and environmental decision analysis. Mapping and quantifying ecosystem services have become strategic national interests for integrating ecology with economics to help understand the effects of human policies and actions and their subsequent impacts on both ecosystem function and human well-being. Some aspects of biodiversity are valued by humans in varied ways, and thus are important to include in any assessment that seeks to identify and quantify the benefits of ecosystems to humans. Some biodiversity metrics clearly reflect ecosystem services (e.g., abundance and diversity of harvestable species), whereas others may reflect indirect and difficult to quantify relationships to services (e.g., relevance of species diversity to ecosystem resilience, cultural and aesthetic values). Wildlife habitat has been modeled at broad spatial scales and can be used to map a number of biodiversity metrics

The overall goal of EnviroAtlas is to employ and develop the best available science to map indicators of ecosystem services production, demand, and drivers for the nation.</purpose></descript><secinfo><secsys>http://project-open-data.github.io/schema/#accessLevel</secsys><secclass>public</secclass><sechandl>Standard Technical Controls</sechandl></secinfo><ptcontac><cntinfo><cntperp><cntorg>U.S. Environmental Protection Agency, Office of Research and Development-Sustainable and Healthy Communities Research Program, EnviroAtlas</cntorg><cntper>EnviroAtlas Coordinator</cntper></cntperp><cntpos>Geospatial Data Owner</cntpos><cntaddr><addrtype>mailing and physical address</addrtype><address>109 T.W. Alexander Drive</address><city>Research Triangle Park</city><state>NC</state><postal>27709</postal></cntaddr><cntvoice>(919) 541-3832</cntvoice><cntemail>EnviroAtlas@epa.gov</cntemail><cntinst>https://www.epa.gov/enviroatlas</cntinst></cntinfo></ptcontac></idinfo><dataqual><logic>Tests for integrity have not been performed.</logic><complete>Features represented have not been tested for completeness</complete><posacc><horizpa><horizpar>Data were collected using methods that have unknown accuracy (EPA National Geospatial Data Policy [NGDP] Accuracy Tier 10). For more information, please see EPA's NGDP at https://epa.gov/geospatial/policies.html</horizpar></horizpa></posacc><lineage><procstep><procdate>20160405</procdate><procdesc>Individual habitat models obtained from National Gap Analysis Program Office</procdesc></procstep><procstep><procdate>20160406</procdate><procdesc>Species lists for biodiversity metrics were created</procdesc></procstep><procstep><procdate>20160406</procdate><procdesc>Species models for each list were combined and the sum of species with potential habitat was calculated using ArcGIS cell statistics</procdesc></procstep><procstep><procdate>20160406</procdate><procdesc>Normalized Index of Biodiversity (NIB) for SWPARC listed reptiles was calculated by dividing the mean species richness value of each HUC by the maximum value for the study area.</procdesc></procstep></lineage></dataqual><spref><horizsys><planar><planci><plance>coordinate pair</plance><plandu>meters</plandu><coordrep><absres>0.000001</absres><ordres>0.000001</ordres></coordrep></planci><mapproj><mapprojn>Albers Conical Equal Area</mapprojn><albers><stdparll>29.500000</stdparll><stdparll>45.500000</stdparll><longcm>-96.000000</longcm><latprjo>23.000000</latprjo><feast>0.000000</feast><fnorth>0.000000</fnorth></albers></mapproj></planar><geodetic><horizdn>North American Datum of 1983</horizdn><ellips>Geodetic Reference System 80</ellips><semiaxis>6378137.000000</semiaxis><denflat>298.257222</denflat></geodetic></horizsys></spref><distinfo><resdesc>Downloadable Data</resdesc><distliab>https://edg.epa.gov/EPA_Data_License.html</distliab><distrib><cntinfo><cntorgp><cntorg>U.S. Environmental Protection Agency, Office of Research and Development-Sustainable and Healthy Communities Research Program, EnviroAtlas</cntorg><cntper>EnviroAtlas Coordinator</cntper></cntorgp><cntpos>Geospatial Data Owner</cntpos><cntaddr><addrtype>mailing and physical address</addrtype><address>109 T.W. Alexander Drive</address><city>Research Triangle Park</city><state>NC</state><postal>27709</postal></cntaddr><cntvoice>(919) 541-3832</cntvoice><cntemail>EnviroAtlas@epa.gov</cntemail><cntinst>https://www.epa.gov/enviroatlas</cntinst></cntinfo></distrib></distinfo><metainfo><metd>20170522</metd><metfrd>20210522</metfrd><metstdn>FGDC Content Standard for Digital Geospatial Metadata</metstdn><metstdv>FGDC-STD-001-1998</metstdv><metc><cntinfo><cntorgp><cntorg>U.S. Environmental Protection Agency, Office of Research and Development-Sustainable and Healthy Communities Research Program, EnviroAtlas</cntorg><cntper>EnviroAtlas Coordinator</cntper></cntorgp><cntpos>Geospatial Data Owner</cntpos><cntaddr><addrtype>mailing and physical address</addrtype><address>109 T.W. Alexander Drive</address><city>Research Triangle Park</city><state>NC</state><postal>27709</postal></cntaddr><cntvoice>(919) 541-3832</cntvoice><cntemail>EnviroAtlas@epa.gov</cntemail><cntinst>https://www.epa.gov/enviroatlas</cntinst></cntinfo></metc></metainfo><eainfo><detailed><enttyp><enttypl>reptile_metrics</enttypl><enttypd>Reptile Biodiversity Metrics for the US</enttypd><enttypds>NMSU</enttypds></enttyp><attr><attrlabl>OBJECTID</attrlabl><attrdef>Internal feature number.</attrdef><attrdefs>Esri</attrdefs><attrdomv><udom>Sequential unique whole numbers that are automatically generated.</udom></attrdomv></attr><attr><attrlabl>HUC_12</attrlabl><attrdef>12-digit HUC</attrdef><attrdefs>NMSU</attrdefs><attrdomv><rdom><rdommin>000000000000</rdommin><rdommax>999999999999</rdommax></rdom></attrdomv></attr><attr><attrlabl>Rep_All_Max</attrlabl><attrdef>The maximum number of Reptile species in any one pixel for each 12-digit HUC over the contiguous US.</attrdef><attrdefs>NMSU</attrdefs><attrdomv><rdom><rdommin>0</rdommin><rdommax>52</rdommax></rdom></attrdomv></attr><attr><attrlabl>Rep_All_MEAN</attrlabl><attrdef>The mean number of Reptile species per pixel for each 12-digit HUC over the contiguous US.</attrdef><attrdefs>NMSU</attrdefs><attrdomv><rdom><rdommin>0</rdommin><rdommax>48.21</rdommax></rdom></attrdomv></attr><attr><attrlabl>Rep_All_NIB</attrlabl><attrdef>The Reptile All Normalized Index of Biodiversity (NIB) was calculated by dividing the mean species richness value of each HUC by the maximum value for the study area (the contiguous US).</attrdef><attrdefs>NMSU</attrdefs><attrdomv><rdom><rdommin>0</rdommin><rdommax>0.927</rdommax></rdom></attrdomv></attr><attr><attrlabl>lizard_Max</attrlabl><attrdef>The maximum number of lizard species in any one pixel for each 12-digit HUC over the contiguous US.</attrdef><attrdefs>NMSU</attrdefs><attrdomv><rdom><rdommin>0</rdommin><rdommax>24</rdommax></rdom></attrdomv></attr><attr><attrlabl>lizard_MEAN</attrlabl><attrdef>The mean number of lizard species per pixel for each 12-digit HUC over the contiguous US.</attrdef><attrdefs>NMSU</attrdefs><attrdomv><rdom><rdommin>0</rdommin><rdommax>21.35</rdommax></rdom></attrdomv></attr><attr><attrlabl>lizard_NIB</attrlabl><attrdef>Lizard Normalized Index of Biodiversity (NIB) was calculated by dividing the mean species richness value of each HUC by the maximum value for the study area (the contiguous US).</attrdef><attrdefs>NMSU</attrdefs><attrdomv><rdom><rdommin>0</rdommin><rdommax>0.9285</rdommax></rdom></attrdomv></attr><attr><attrlabl>snakes_Max</attrlabl><attrdef>The maximum number of snake species in any one pixel for each 12-digit HUC over the contiguous US.</attrdef><attrdefs>NMSU</attrdefs><attrdomv><rdom><rdommin>0</rdommin><rdommax>33</rdommax></rdom></attrdomv></attr><attr><attrlabl>snakes_MEAN</attrlabl><attrdef>The mean number of snake species per pixel for each 12-digit HUC over the contiguous US.</attrdef><attrdefs>NMSU</attrdefs><attrdomv><rdom><rdommin>0</rdommin><rdommax>27.029</rdommax></rdom></attrdomv></attr><attr><attrlabl>snakes_NIB</attrlabl><attrdef>Snake Normalized Index of Biodiversity (NIB) was calculated by dividing the mean species richness value of each HUC by the maximum value for the study area (the contiguous US).</attrdef><attrdefs>NMSU</attrdefs><attrdomv><rdom><rdommin>0</rdommin><rdommax>0.819</rdommax></rdom></attrdomv></attr><attr><attrlabl>turtles_Max</attrlabl><attrdef>The maximum number of turtle species in any one pixel for each 12-digit HUC over the contiguous US.</attrdef><attrdefs>NMSU</attrdefs><attrdomv><rdom><rdommin>0</rdommin><rdommax>17</rdommax></rdom></attrdomv></attr><attr><attrlabl>turtles_MEAN</attrlabl><attrdef>The mean number of turtle species per pixel for each 12-digit HUC over the contiguous US.</attrdef><attrdefs>NMSU</attrdefs><attrdomv><rdom><rdommin>0</rdommin><rdommax>7.507</rdommax></rdom></attrdomv></attr><attr><attrlabl>turtles_NIB</attrlabl><attrdef>The turtle  Normalized Index of Biodiversity (NIB) was calculated by dividing the mean species richness value of each HUC by the maximum value for the study area (the contiguous US).</attrdef><attrdefs>NMSU</attrdefs><attrdomv><rdom><rdommin>0</rdommin><rdommax>0.441</rdommax></rdom></attrdomv></attr><attr><attrlabl>Rep_G1G2G3_Max</attrlabl><attrdef>The maximum number of G1,G2, and G3 Reptile species in any one pixel for each 12-digit HUC over the contiguous US.</attrdef><attrdefs>NMSU</attrdefs><attrdomv><rdom><rdommin>0</rdommin><rdommax>9</rdommax></rdom></attrdomv></attr><attr><attrlabl>Rep_G1G2G3_MEAN</attrlabl><attrdef>The mean number of G1,G2, and G3 Reptile species per pixel for each 12-digit HUC over the contiguous US.</attrdef><attrdefs>NMSU</attrdefs><attrdomv><rdom><rdommin>0</rdommin><rdommax>5.11</rdommax></rdom></attrdomv></attr><attr><attrlabl>Rep_G1G2G3_NIB</attrlabl><attrdef>Normalized Index of Biodiversity (NIB) of G1,G2, and G3 reptiles was calculated by dividing the mean species richness value of each HUC by the maximum value for the study area (the contiguous US).</attrdef><attrdefs>NMSU</attrdefs><attrdomv><rdom><rdommin>0</rdommin><rdommax>0.568</rdommax></rdom></attrdomv></attr><attr><attrlabl>Rep_IUCN_Max</attrlabl><attrdef>The maximum number of IUCN listed Reptile species in any one pixel for each 12-digit HUC over the contiguous US.</attrdef><attrdefs>NMSU</attrdefs><attrdomv><rdom><rdommin>0</rdommin><rdommax>10</rdommax></rdom></attrdomv></attr><attr><attrlabl>Rep_IUCN_MEAN</attrlabl><attrdef>The mean number of IUCN listed Reptile species per pixel for each 12-digit HUC over the contiguous US.</attrdef><attrdefs>NMSU</attrdefs><attrdomv><rdom><rdommin>0</rdommin><rdommax>6.947</rdommax></rdom></attrdomv></attr><attr><attrlabl>Rep_IUCN_NIB</attrlabl><attrdef>Normalized Index of Biodiversity (NIB) OF IUCN listed Reptiles was calculated by dividing the mean species richness value of each HUC by the maximum value for the study area (the contiguous US).</attrdef><attrdefs>NMSU</attrdefs><attrdomv><rdom><rdommin>0</rdommin><rdommax>0.694</rdommax></rdom></attrdomv></attr><attr><attrlabl>Rep_PARC_Max</attrlabl><attrdef>The maximum number of PARC listed Reptile species in any one pixel for each 12-digit HUC over the contiguous US.</attrdef><attrdefs>NMSU</attrdefs><attrdomv><rdom><rdommin>0</rdommin><rdommax>9</rdommax></rdom></attrdomv></attr><attr><attrlabl>Rep_PARC_MEAN</attrlabl><attrdef>The mean number of PARC listed Reptile species per pixel for each 12-digit HUC over the contiguous US.</attrdef><attrdefs>NMSU</attrdefs><attrdomv><rdom><rdommin>0</rdommin><rdommax>5.11</rdommax></rdom></attrdomv></attr><attr><attrlabl>Rep_PARC_NIB</attrlabl><attrdef>Normalized Index of Biodiversity (NIB) of PARC listed reptile species was calculated by dividing the mean species richness value of each HUC by the maximum value for the study area (the contiguous US).</attrdef><attrdefs>NMSU</attrdefs><attrdomv><rdom><rdommin>0</rdommin><rdommax>0.568</rdommax></rdom></attrdomv></attr><attr><attrlabl>PoisonRep_Max</attrlabl><attrdef>The maximum number of poisonous Reptile species in any one pixel for each 12-digit HUC over the contiguous US.</attrdef><attrdefs>NMSU</attrdefs><attrdomv><rdom><rdommin>0</rdommin><rdommax>10</rdommax></rdom></attrdomv></attr><attr><attrlabl>PoisonRep_MEAN</attrlabl><attrdef>The mean number of poisonous Reptile species per pixel for each 12-digit HUC over the contiguous US.</attrdef><attrdefs>NMSU</attrdefs><attrdomv><rdom><rdommin>0</rdommin><rdommax>9.986</rdommax></rdom></attrdomv></attr><attr><attrlabl>PoisonRep_NIB</attrlabl><attrdef>Normalized Index of Biodiversity (NIB) for poisonous reptiles was calculated by dividing the mean species richness value of each HUC by the maximum value for the study area (the contiguous US).</attrdef><attrdefs>NMSU</attrdefs><attrdomv><rdom><rdommin>0</rdommin><rdommax>0.9986</rdommax></rdom></attrdomv></attr><attr><attrlabl>Rep_SWPARC_Max</attrlabl><attrdef>The maximum number of SWPARC listed Reptile species in any one pixel for each 12-digit HUC over the contiguous US.</attrdef><attrdefs>NMSU</attrdefs><attrdomv><rdom><rdommin>0</rdommin><rdommax>4</rdommax></rdom></attrdomv></attr><attr><attrlabl>Rep_SWPARC_MEAN</attrlabl><attrdef>The mean number of SWPARC listed Reptile species per pixel for each 12-digit HUC over the contiguous US.</attrdef><attrdefs>NMSU</attrdefs><attrdomv><rdom><rdommin>0</rdommin><rdommax>3.84</rdommax></rdom></attrdomv></attr><attr><attrlabl>Rep_SWPARC_NIB</attrlabl><attrdef>Normalized Index of Biodiversity (NIB) for SWPARC listed reptiles was calculated by dividing the mean species richness value of each HUC by the maximum value for the study area (the contiguous US).</attrdef><attrdefs>NMSU</attrdefs><attrdomv><rdom><rdommin>0</rdommin><rdommax>0.961</rdommax></rdom></attrdomv></attr></detailed><overview><eadetcit>https://enviroatlas.epa.gov/EnviroAtlas/DataFactSheets/index.html</eadetcit><eaover>This dataset includes the maximum, mean, and normalized index of biodiversity for the following:

*All reptile species modeled by USGS GAP across the contiguous US.
*Lizard species modeled by USGS GAP across the contiguous US.
*Snake species modeled by USGS GAP across the contiguous US.
*Turtle species modeled by USGS GAP across the contiguous US.
*Natureserve listed G1,G2, and G3 Reptile species modeled by USGS GAP across the contiguous US.
*All IUCN (International Union for Conservation of Nature) listed Reptile species modeled by USGS GAP across the contiguous US.Includes CR,DD, EN, NT and VU.
*All PARC (Partners in Amphibian and Reptile Conservation) listed Reptile species modeled by USGS GAP across the contiguous US.
*All poisonous Reptile species modeled by USGS GAP across the contiguous US.
*All SWPARC (Southwest Partners in Amphibian and Reptile Conservation) listed Reptile species modeled by USGS GAP across the contiguous US.

A comprehensive list of metric creation steps is included in the Processing Steps. For more information about EnviroAtlas data go to https://enviroatlas.epa.gov/EnviroAtlas/DataFactSheets/index.html.</eaover></overview></eainfo></metadata>
