<metadata xml:lang="en"><idinfo><native>Microsoft Windows XP Version 5.1 (Build 2600) Service Pack 3; ESRI ArcCatalog 9.3.1.4000</native><descript><abstract>REQUIRED: A brief narrative summary of the data set.</abstract><purpose>REQUIRED: A summary of the intentions with which the data set was developed.</purpose></descript><citation><citeinfo><origin>REQUIRED: The name of an organization or individual that developed the data set.</origin><pubdate>REQUIRED: The date when the data set is published or otherwise made available for release.</pubdate><title>HUC8</title><geoform>vector digital data</geoform><onlink>\\INDUSSPATIAL\Projects\NPDAT\DATA\20130709\ATTAINS.gdb</onlink></citeinfo></citation><timeperd><current>REQUIRED: The basis on which the time period of content information is determined.</current><timeinfo><sngdate><caldate>REQUIRED: The year (and optionally month, or month and day) for which the data set corresponds to the ground.</caldate></sngdate></timeinfo></timeperd><status><progress>REQUIRED: The state of the data set.</progress><update>REQUIRED: The frequency with which changes and additions are made to the data set after the initial data set is completed.</update></status><spdom><bounding><westbc>REQUIRED: Western-most coordinate of the limit of coverage expressed in longitude.</westbc><eastbc>REQUIRED: Eastern-most coordinate of the limit of coverage expressed in longitude.</eastbc><northbc>REQUIRED: Northern-most coordinate of the limit of coverage expressed in latitude.</northbc><southbc>REQUIRED: Southern-most coordinate of the limit of coverage expressed in latitude.</southbc></bounding></spdom><keywords/><accconst>REQUIRED: Restrictions and legal prerequisites for accessing the data set.</accconst><useconst>REQUIRED: Restrictions and legal prerequisites for using the data set after access is granted.</useconst></idinfo><dataIdInfo><envirDesc>Microsoft Windows XP Version 5.1 (Build 2600) Service Pack 3; ESRI ArcCatalog 9.3.1.4000</envirDesc><dataLang><languageCode value="en"/></dataLang><idCitation><resTitle>HUC8</resTitle><presForm><PresFormCd value="005"/></presForm></idCitation><spatRpType><SpatRepTypCd value="001"/></spatRpType></dataIdInfo><metainfo><metstdn>FGDC Content Standards for Digital Geospatial Metadata</metstdn><metstdv>FGDC-STD-001-1998</metstdv><mettc>local time</mettc><metc><cntinfo><cntorgp><cntper>REQUIRED: The person responsible for the metadata information.</cntper><cntorg>REQUIRED: The organization responsible for the metadata information.</cntorg></cntorgp><cntaddr><addrtype>REQUIRED: The mailing and/or physical address for the organization or individual.</addrtype><city>REQUIRED: The city of the address.</city><state>REQUIRED: The state or province of the address.</state><postal>REQUIRED: The ZIP or other postal code of the address.</postal></cntaddr><cntvoice>REQUIRED: The telephone number by which individuals can speak to the organization or individual.</cntvoice></cntinfo></metc><metd>20120726</metd></metainfo><mdLang><languageCode value="en"/></mdLang><mdStanName>ISO 19115 Geographic Information - Metadata</mdStanName><mdStanVer>DIS_ESRI1.0</mdStanVer><mdChar><CharSetCd value="004"/></mdChar><mdHrLv><ScopeCd value="005"/></mdHrLv><mdHrLvName>dataset</mdHrLvName><distinfo><resdesc>Downloadable Data</resdesc></distinfo><distInfo><distributor><distorTran><onLineSrc><orDesc>002</orDesc><linkage>file://\\INDUSSPATIAL\Projects\NPDAT\DATA\20130709\ATTAINS.gdb</linkage><protocol>Local Area Network</protocol></onLineSrc><transSize>0.000</transSize></distorTran><distorFormat><formatName>File Geodatabase Feature Class</formatName></distorFormat></distributor></distInfo><spdoinfo><direct>Vector</direct><ptvctinf><sdtsterm><sdtstype>G-polygon</sdtstype><ptvctcnt>0</ptvctcnt></sdtsterm></ptvctinf></spdoinfo><spref><horizsys><geograph><geogunit>Decimal Degree</geogunit><latres>0.000000</latres><longres>0.000000</longres></geograph><geodetic><horizdn>NAD 83</horizdn><ellips>GRS 80</ellips><semiaxis>6378137.000000</semiaxis><denflat>298.257222</denflat></geodetic></horizsys><vertdef><altsys><altenc>Explicit elevation coordinate included with horizontal coordinates</altenc><altres>1.000000</altres></altsys></vertdef></spref><refSysInfo><RefSystem><refSysID><identCode>Longitude / Latitude [NAD 83]</identCode></refSysID></RefSystem></refSysInfo><spatRepInfo><VectSpatRep><topLvl><TopoLevCd value="001"/></topLvl><geometObjs><geoObjTyp><GeoObjTypCd value="001"/></geoObjTyp><geoObjCnt>0</geoObjCnt></geometObjs></VectSpatRep></spatRepInfo><eainfo><detailed><enttyp><enttypl>HUC8</enttypl></enttyp><attr><attrlabl>FID</attrlabl><attrdef>Internal feature number.</attrdef><attrdefs>ESRI</attrdefs><attrdomv><udom>Sequential unique whole numbers that are automatically generated.</udom></attrdomv></attr><attr><attrlabl>Shape</attrlabl><attrdef>Feature geometry.</attrdef><attrdefs>ESRI</attrdefs><attrdomv><udom>Coordinates defining the features.</udom></attrdomv></attr><attr><attrlabl>HUC_8</attrlabl></attr><attr><attrlabl>HU_8_NAME</attrlabl></attr><attr><attrlabl>AREA_ACRES</attrlabl></attr><attr><attrlabl>AREA_SQKM</attrlabl></attr><attr><attrlabl>STATES</attrlabl></attr><attr><attrlabl>STORET_COU</attrlabl></attr><attr><attrlabl>STORET_RES</attrlabl></attr><attr><attrlabl>NWIS_COUNT</attrlabl></attr><attr><attrlabl>WSA_CPL_TO</attrlabl></attr><attr><attrlabl>WSA_CPL__1</attrlabl></attr><attr><attrlabl>WSA_CPL__2</attrlabl></attr><attr><attrlabl>WSA_CPL__3</attrlabl></attr><attr><attrlabl>WSA_NAP_TO</attrlabl></attr><attr><attrlabl>WSA_NAP__1</attrlabl></attr><attr><attrlabl>WSA_NAP__2</attrlabl></attr><attr><attrlabl>WSA_NAP__3</attrlabl></attr><attr><attrlabl>WSA_NPL_TO</attrlabl></attr><attr><attrlabl>WSA_NPL__1</attrlabl></attr><attr><attrlabl>WSA_NPL__2</attrlabl></attr><attr><attrlabl>WSA_NPL__3</attrlabl></attr><attr><attrlabl>WSA_SAP_TO</attrlabl></attr><attr><attrlabl>WSA_SAP__1</attrlabl></attr><attr><attrlabl>WSA_SAP__2</attrlabl></attr><attr><attrlabl>WSA_SAP__3</attrlabl></attr><attr><attrlabl>WSA_SPL_TO</attrlabl></attr><attr><attrlabl>WSA_SPL__1</attrlabl></attr><attr><attrlabl>WSA_SPL__2</attrlabl></attr><attr><attrlabl>WSA_SPL__3</attrlabl></attr><attr><attrlabl>WSA_TPL_TO</attrlabl></attr><attr><attrlabl>WSA_TPL__1</attrlabl></attr><attr><attrlabl>WSA_TPL__2</attrlabl></attr><attr><attrlabl>WSA_TPL__3</attrlabl></attr><attr><attrlabl>WSA_UMW_TO</attrlabl></attr><attr><attrlabl>WSA_UMW__1</attrlabl></attr><attr><attrlabl>WSA_UMW__2</attrlabl></attr><attr><attrlabl>WSA_UMW__3</attrlabl></attr><attr><attrlabl>WSA_WMT_TO</attrlabl></attr><attr><attrlabl>WSA_WMT__1</attrlabl></attr><attr><attrlabl>WSA_WMT__2</attrlabl></attr><attr><attrlabl>WSA_WMT__3</attrlabl></attr><attr><attrlabl>WSA_XER_TO</attrlabl></attr><attr><attrlabl>WSA_XER__1</attrlabl></attr><attr><attrlabl>WSA_XER__2</attrlabl></attr><attr><attrlabl>WSA_XER__3</attrlabl></attr><attr><attrlabl>NLA_CGP_TO</attrlabl></attr><attr><attrlabl>NLA_CGP__1</attrlabl></attr><attr><attrlabl>NLA_CGP__2</attrlabl></attr><attr><attrlabl>NLA_CGP__3</attrlabl></attr><attr><attrlabl>NLA_CPE_TO</attrlabl></attr><attr><attrlabl>NLA_CPE__1</attrlabl></attr><attr><attrlabl>NLA_CPE__2</attrlabl></attr><attr><attrlabl>NLA_CPE__3</attrlabl></attr><attr><attrlabl>NLA_GPM_TO</attrlabl></attr><attr><attrlabl>NLA_GPM__1</attrlabl></attr><attr><attrlabl>NLA_GPM__2</attrlabl></attr><attr><attrlabl>NLA_GPM__3</attrlabl></attr><attr><attrlabl>NLA_GPN_TO</attrlabl></attr><attr><attrlabl>NLA_GPN__1</attrlabl></attr><attr><attrlabl>NLA_GPN__2</attrlabl></attr><attr><attrlabl>NLA_GPN__3</attrlabl></attr><attr><attrlabl>NLA_NGL_TO</attrlabl></attr><attr><attrlabl>NLA_NGL__1</attrlabl></attr><attr><attrlabl>NLA_NGL__2</attrlabl></attr><attr><attrlabl>NLA_NGL__3</attrlabl></attr><attr><attrlabl>NLA_SAM_TO</attrlabl></attr><attr><attrlabl>NLA_SAM__1</attrlabl></attr><attr><attrlabl>NLA_SAM__2</attrlabl></attr><attr><attrlabl>NLA_SAM__3</attrlabl></attr><attr><attrlabl>NLA_SEP_TO</attrlabl></attr><attr><attrlabl>NLA_SEP__1</attrlabl></attr><attr><attrlabl>NLA_SEP__2</attrlabl></attr><attr><attrlabl>NLA_SEP__3</attrlabl></attr><attr><attrlabl>NLA_SGL_TO</attrlabl></attr><attr><attrlabl>NLA_SGL__1</attrlabl></attr><attr><attrlabl>NLA_SGL__2</attrlabl></attr><attr><attrlabl>NLA_SGL__3</attrlabl></attr><attr><attrlabl>NLA_TMP_TO</attrlabl></attr><attr><attrlabl>NLA_TMP__1</attrlabl></attr><attr><attrlabl>NLA_TMP__2</attrlabl></attr><attr><attrlabl>NLA_TMP__3</attrlabl></attr><attr><attrlabl>NLA_WMT_TO</attrlabl></attr><attr><attrlabl>NLA_WMT__1</attrlabl></attr><attr><attrlabl>NLA_WMT__2</attrlabl></attr><attr><attrlabl>NLA_WMT__3</attrlabl></attr><attr><attrlabl>NLA_XER_TO</attrlabl></attr><attr><attrlabl>NLA_XER__1</attrlabl></attr><attr><attrlabl>NLA_XER__2</attrlabl></attr><attr><attrlabl>NLA_XER__3</attrlabl></attr><attr><attrlabl>NLCD11A</attrlabl></attr><attr><attrlabl>NLCD11P</attrlabl></attr><attr><attrlabl>NLCD12A</attrlabl></attr><attr><attrlabl>NLCD12P</attrlabl></attr><attr><attrlabl>NLCD21A</attrlabl></attr><attr><attrlabl>NLCD21P</attrlabl></attr><attr><attrlabl>NLCD22A</attrlabl></attr><attr><attrlabl>NLCD22P</attrlabl></attr><attr><attrlabl>NLCD23A</attrlabl></attr><attr><attrlabl>NLCD23P</attrlabl></attr><attr><attrlabl>NLCD24A</attrlabl></attr><attr><attrlabl>NLCD24P</attrlabl></attr><attr><attrlabl>NLCD31A</attrlabl></attr><attr><attrlabl>NLCD31P</attrlabl></attr><attr><attrlabl>NLCD41A</attrlabl></attr><attr><attrlabl>NLCD41P</attrlabl></attr><attr><attrlabl>NLCD42A</attrlabl></attr><attr><attrlabl>NLCD42P</attrlabl></attr><attr><attrlabl>NLCD43A</attrlabl></attr><attr><attrlabl>NLCD43P</attrlabl></attr><attr><attrlabl>NLCD52A</attrlabl></attr><attr><attrlabl>NLCD52P</attrlabl></attr><attr><attrlabl>NLCD71A</attrlabl></attr><attr><attrlabl>NLCD71P</attrlabl></attr><attr><attrlabl>NLCD81A</attrlabl></attr><attr><attrlabl>NLCD81P</attrlabl></attr><attr><attrlabl>NLCD82A</attrlabl></attr><attr><attrlabl>NLCD82P</attrlabl></attr><attr><attrlabl>NLCD90A</attrlabl></attr><attr><attrlabl>NLCD90P</attrlabl></attr><attr><attrlabl>NLCD95A</attrlabl></attr><attr><attrlabl>NLCD95P</attrlabl></attr><attr><attrlabl>LIKELY_TO_</attrlabl></attr><attr><attrlabl>HAS_N_LIMI</attrlabl></attr><attr><attrlabl>HAS_P_LIMI</attrlabl></attr><attr><attrlabl>HAS_N_MONI</attrlabl></attr><attr><attrlabl>HAS_P_MONI</attrlabl></attr><attr><attrlabl>HAS_N_DMR_</attrlabl></attr><attr><attrlabl>HAS_P_DMR_</attrlabl></attr><attr><attrlabl>ATTAINS_30</attrlabl></attr><attr><attrlabl>ATTAINS_TM</attrlabl></attr><attr><attrlabl>Shape_Leng</attrlabl></attr><attr><attrlabl>Shape_Area</attrlabl><attrdef>Area of feature in internal units squared.</attrdef><attrdefs>ESRI</attrdefs><attrdomv><udom>Positive real numbers that are automatically generated.</udom></attrdomv></attr></detailed></eainfo><mdDateSt>20120726</mdDateSt><dataqual><lineage><procstep><procdesc>Dataset copied.</procdesc><srcused>\\Hw7d-pdziemiela\esri_dump\ATTAINS_NPDATA.gdb</srcused><procdate>20120726</procdate><proctime>10581300</proctime></procstep><procstep><procdesc>Dataset copied.</procdesc><srcused>\\INDUSSPATIAL\Projects\NPDAT\DATA\20120729\ATTAINS_NPDATA.gdb</srcused><procdate>20130722</procdate><proctime>11545200</proctime></procstep></lineage></dataqual></metadata>
